,sensor,activity,start/end
2008-02-25 00:20:14,hall_bedroom_door,brush_teeth,start
2008-02-25 09:33:40,hall_bedroom_door,go_to_bed,start
2008-02-25 09:33:46,hall_bedroom_door,go_to_bed,end
2008-02-25 09:36:43,hall_toilet_door,None,
2008-02-25 09:37:20,hall_bathroom_door,use_toilet,start
2008-02-25 09:37:50,toilet_flush,use_toilet,
2008-02-25 09:37:54,toilet_flush,use_toilet,
2008-02-25 09:37:57,hall_bathroom_door,use_toilet,end
2008-02-25 09:49:27,plates_cupboard,prepare_breakfast,start
2008-02-25 09:49:30,plates_cupboard,prepare_breakfast,
2008-02-25 09:49:38,fridge,prepare_breakfast,
2008-02-25 09:49:53,fridge,prepare_breakfast,
2008-02-25 09:49:58,microwave,prepare_breakfast,
2008-02-25 09:50:39,groceries_cupboard,prepare_breakfast,
2008-02-25 09:52:10,microwave,prepare_breakfast,
2008-02-25 09:53:22,groceries_cupboard,prepare_breakfast,end
2008-02-25 09:57:23,dishwasher,unload_dishwasher,start
2008-02-25 09:57:45,plates_cupboard,unload_dishwasher,
2008-02-25 09:58:32,pans_cupboard,unload_dishwasher,
2008-02-25 09:59:16,cups_cupboard,unload_dishwasher,
2008-02-25 09:59:59,plates_cupboard,unload_dishwasher,end
2008-02-25 10:02:31,hall_toilet_door,take_shower,start
2008-02-25 10:10:15,hall_toilet_door,take_shower,
2008-02-25 10:10:20,hall_toilet_door,take_shower,end
2008-02-25 10:19:27,frontdoor,leave_house,start
2008-02-25 16:54:36,frontdoor,leave_house,end
2008-02-25 16:59:03,fridge,store_groceries,start
2008-02-25 16:59:14,groceries_cupboard,store_groceries,
2008-02-25 16:59:47,fridge,store_groceries,end
2008-02-25 17:00:32,hall_bathroom_door,use_toilet,start
2008-02-25 17:01:21,toilet_flush,use_toilet,
2008-02-25 17:01:27,hall_bathroom_door,use_toilet,end
2008-02-25 17:17:38,pans_cupboard,None,
2008-02-25 17:17:42,pans_cupboard,None,
2008-02-25 17:17:48,pans_cupboard,None,
2008-02-25 17:19:38,frontdoor,receive_guest,start
2008-02-25 17:22:47,pans_cupboard,receive_guest,end
2008-02-25 17:55:00,fridge,get_drink,start
2008-02-25 17:55:05,fridge,get_drink,
2008-02-25 17:55:08,cups_cupboard,get_drink,
2008-02-25 17:55:11,cups_cupboard,get_drink,
2008-02-25 17:55:14,cups_cupboard,get_drink,
2008-02-25 17:55:27,fridge,get_drink,
2008-02-25 17:55:42,fridge,get_drink,end
2008-02-25 18:31:57,hall_bathroom_door,use_toilet,start
2008-02-25 18:32:07,hall_bathroom_door,use_toilet,
2008-02-25 18:33:04,toilet_flush,use_toilet,
2008-02-25 18:33:33,hall_bathroom_door,use_toilet,end
2008-02-25 19:21:33,hall_bedroom_door,receive_guest,start
2008-02-25 19:21:39,hall_bedroom_door,receive_guest,
2008-02-25 19:36:16,cups_cupboard,receive_guest,end
2008-02-25 19:40:26,groceries_cupboard,prepare_dinner,start
2008-02-25 19:40:47,fridge,prepare_dinner,
2008-02-25 19:40:59,fridge,prepare_dinner,
2008-02-25 19:41:02,fridge,prepare_dinner,
2008-02-25 19:41:08,fridge,prepare_dinner,
2008-02-25 19:41:22,fridge,prepare_dinner,
2008-02-25 19:41:42,groceries_cupboard,prepare_dinner,
2008-02-25 19:47:03,fridge,prepare_dinner,
2008-02-25 19:54:10,plates_cupboard,prepare_dinner,
2008-02-25 19:55:59,pans_cupboard,prepare_dinner,
2008-02-25 19:56:03,pans_cupboard,prepare_dinner,
2008-02-25 19:56:20,cups_cupboard,prepare_dinner,
2008-02-25 19:56:25,cups_cupboard,prepare_dinner,
2008-02-25 19:57:19,freezer,prepare_dinner,
2008-02-25 20:00:32,fridge,prepare_dinner,
2008-02-25 20:00:50,fridge,prepare_dinner,
2008-02-25 20:01:46,fridge,prepare_dinner,
2008-02-25 20:01:55,plates_cupboard,prepare_dinner,
2008-02-25 20:04:19,microwave,prepare_dinner,
2008-02-25 20:04:46,microwave,prepare_dinner,
2008-02-25 20:10:43,fridge,prepare_dinner,
2008-02-25 20:18:02,fridge,prepare_dinner,
2008-02-25 20:19:49,plates_cupboard,prepare_dinner,
2008-02-25 20:20:28,fridge,prepare_dinner,end
2008-02-25 20:23:13,fridge,get_drink,start
2008-02-25 20:23:31,fridge,get_drink,end
2008-02-25 21:08:48,hall_toilet_door,receive_guest,start
2008-02-25 21:08:50,hall_toilet_door,receive_guest,
2008-02-25 21:45:40,fridge,receive_guest,end
2008-02-25 21:51:31,hall_bathroom_door,use_toilet,start
2008-02-25 21:51:36,hall_bathroom_door,use_toilet,
2008-02-25 21:52:07,toilet_flush,use_toilet,
2008-02-25 21:52:28,hall_bathroom_door,use_toilet,end
2008-02-25 21:54:46,frontdoor,receive_guest,start
2008-02-25 21:55:34,plates_cupboard,get_snack,start
2008-02-25 21:56:02,microwave,get_snack,
2008-02-25 21:59:01,microwave,get_snack,end
2008-02-25 23:05:56,dishwasher,put_items_in_dishwasher,start
2008-02-25 23:06:02,dishwasher,put_items_in_dishwasher,
2008-02-25 23:11:40,pans_cupboard,put_items_in_dishwasher,
2008-02-25 23:19:07,dishwasher,put_items_in_dishwasher,end
2008-02-25 23:21:23,hall_bedroom_door,go_to_bed,start
2008-02-25 23:22:30,hall_toilet_door,go_to_bed,end
2008-02-25 23:28:30,hall_bathroom_door,use_toilet,start
2008-02-25 23:28:36,hall_bathroom_door,use_toilet,end
2008-02-25 23:30:12,hall_toilet_door,go_to_bed,start
2008-02-25 23:31:52,hall_bedroom_door,go_to_bed,
2008-02-25 23:32:32,hall_bedroom_door,go_to_bed,
2008-02-26 00:38:48,hall_bedroom_door,go_to_bed,
2008-02-26 00:38:52,hall_toilet_door,go_to_bed,
2008-02-26 00:38:52,hall_bedroom_door,go_to_bed,
2008-02-26 00:38:59,hall_toilet_door,go_to_bed,
2008-02-26 00:39:02,hall_toilet_door,go_to_bed,
2008-02-26 00:39:08,hall_toilet_door,go_to_bed,
2008-02-26 00:39:21,hall_toilet_door,go_to_bed,end
2008-02-26 00:39:24,toilet_flush,use_toilet,start
2008-02-26 00:39:45,hall_toilet_door,go_to_bed,start
2008-02-26 00:40:21,hall_toilet_door,go_to_bed,
2008-02-26 00:40:57,hall_toilet_door,go_to_bed,
2008-02-26 00:46:21,hall_bedroom_door,go_to_bed,
2008-02-26 00:46:27,hall_bedroom_door,go_to_bed,end
2008-02-26 03:13:41,hall_bathroom_door,use_toilet,start
2008-02-26 03:14:35,toilet_flush,use_toilet,
2008-02-26 03:14:39,hall_bathroom_door,use_toilet,end
2008-02-26 08:35:56,hall_bedroom_door,go_to_bed,start
2008-02-26 08:35:59,hall_bathroom_door,use_toilet,start
2008-02-26 08:36:01,hall_bedroom_door,use_toilet,
2008-02-26 08:36:08,hall_bedroom_door,use_toilet,
2008-02-26 08:36:32,hall_bathroom_door,use_toilet,end
2008-02-26 09:15:23,hall_bedroom_door,go_to_bed,start
2008-02-26 09:15:29,hall_bedroom_door,go_to_bed,end
2008-02-26 09:15:40,hall_bathroom_door,use_toilet,start
2008-02-26 09:18:43,hall_bathroom_door,use_toilet,end
2008-02-26 09:18:43,toilet_flush,use_toilet,end
2008-02-26 09:26:45,plates_cupboard,prepare_breakfast,start
2008-02-26 09:26:49,groceries_cupboard,prepare_breakfast,
2008-02-26 09:27:15,groceries_cupboard,prepare_breakfast,
2008-02-26 09:28:31,fridge,prepare_breakfast,
2008-02-26 09:28:57,fridge,prepare_breakfast,end
2008-02-26 09:48:11,hall_toilet_door,take_shower,start
2008-02-26 09:48:16,hall_toilet_door,take_shower,
2008-02-26 09:58:03,hall_toilet_door,take_shower,
2008-02-26 09:58:08,hall_toilet_door,take_shower,end
2008-02-26 10:06:17,frontdoor,leave_house,start
2008-02-26 20:31:34,frontdoor,leave_house,
2008-02-26 20:31:39,frontdoor,leave_house,
2008-02-26 20:33:40,hall_bathroom_door,leave_house,end
2008-02-26 21:02:39,hall_bathroom_door,use_toilet,start
2008-02-26 21:03:48,toilet_flush,use_toilet,
2008-02-26 21:03:51,hall_bathroom_door,use_toilet,end
2008-02-26 21:39:28,fridge,get_drink,start
2008-02-26 21:39:33,fridge,get_drink,
2008-02-26 21:39:59,cups_cupboard,get_drink,
2008-02-26 21:40:03,fridge,get_drink,end
2008-02-26 22:10:50,frontdoor,receive_guest,start
2008-02-26 22:10:55,frontdoor,receive_guest,end
2008-02-26 22:56:01,hall_bathroom_door,use_toilet,start
2008-02-26 22:57:56,toilet_flush,use_toilet,
2008-02-26 22:58:27,hall_bathroom_door,use_toilet,
2008-02-26 22:58:30,hall_bathroom_door,use_toilet,
2008-02-26 22:58:34,hall_bathroom_door,use_toilet,
2008-02-26 22:58:40,hall_bathroom_door,use_toilet,end
2008-02-26 22:58:52,hall_bathroom_door,None,
2008-02-26 22:59:16,hall_bathroom_door,None,
2008-02-26 22:59:53,hall_bathroom_door,brush_teeth,start
2008-02-26 23:00:29,hall_bathroom_door,brush_teeth,end
2008-02-26 23:01:51,hall_toilet_door,go_to_bed,start
2008-02-27 05:29:22,hall_bedroom_door,use_toilet,start
2008-02-27 05:29:29,hall_bathroom_door,use_toilet,
2008-02-27 05:30:13,toilet_flush,use_toilet,
2008-02-27 05:30:16,hall_bathroom_door,use_toilet,end
2008-02-27 08:00:16,hall_bedroom_door,go_to_bed,start
2008-02-27 08:00:22,hall_bedroom_door,go_to_bed,end
2008-02-27 08:01:24,plates_cupboard,prepare_breakfast,start
2008-02-27 08:01:31,groceries_cupboard,prepare_breakfast,
2008-02-27 08:01:51,fridge,prepare_breakfast,
2008-02-27 08:01:57,fridge,prepare_breakfast,end
2008-02-27 08:13:29,hall_bathroom_door,None,
2008-02-27 08:13:34,hall_bathroom_door,None,
2008-02-27 08:15:36,toilet_flush,use_toilet,start
2008-02-27 08:15:40,hall_bathroom_door,use_toilet,end
2008-02-27 08:26:33,hall_toilet_door,take_shower,start
2008-02-27 08:26:37,hall_toilet_door,take_shower,end
2008-02-27 08:34:37,frontdoor,leave_house,start
2008-02-27 18:58:30,frontdoor,leave_house,end
2008-02-27 18:59:55,groceries_cupboard,prepare_dinner,start
2008-02-27 19:00:01,fridge,prepare_dinner,
2008-02-27 19:02:11,pans_cupboard,prepare_dinner,
2008-02-27 19:02:25,fridge,prepare_dinner,
2008-02-27 19:03:12,freezer,prepare_dinner,
2008-02-27 19:05:14,fridge,prepare_dinner,
2008-02-27 19:05:38,fridge,prepare_dinner,
2008-02-27 19:08:12,fridge,prepare_dinner,
2008-02-27 19:09:02,plates_cupboard,prepare_dinner,
2008-02-27 19:16:29,plates_cupboard,prepare_dinner,end
2008-02-27 19:19:53,cups_cupboard,get_drink,start
2008-02-27 19:19:59,fridge,get_drink,end
2008-02-27 20:35:27,hall_bathroom_door,None,
2008-02-27 20:35:55,toilet_flush,None,
2008-02-27 20:35:57,hall_bathroom_door,None,
2008-02-27 23:03:26,hall_bathroom_door,use_toilet,start
2008-02-27 23:05:21,toilet_flush,use_toilet,
2008-02-27 23:05:30,hall_bathroom_door,use_toilet,end
2008-02-27 23:06:11,dishwasher,unload_dishwasher,start
2008-02-27 23:06:28,plates_cupboard,unload_dishwasher,
2008-02-27 23:06:43,cups_cupboard,unload_dishwasher,
2008-02-27 23:06:52,cups_cupboard,unload_dishwasher,
2008-02-27 23:10:57,pans_cupboard,unload_dishwasher,end
2008-02-27 23:16:51,plates_cupboard,None,
2008-02-27 23:20:17,fridge,None,
2008-02-27 23:20:39,fridge,None,
2008-02-27 23:23:09,fridge,None,
2008-02-27 23:23:57,fridge,None,
2008-02-27 23:26:18,hall_bathroom_door,None,
2008-02-27 23:37:00,toilet_flush,None,
2008-02-27 23:37:04,toilet_flush,None,
2008-02-27 23:37:09,hall_toilet_door,None,
2008-02-27 23:42:19,pans_cupboard,None,
2008-02-28 00:10:41,hall_toilet_door,brush_teeth,start
2008-02-28 00:11:09,hall_bathroom_door,use_toilet,start
2008-02-28 00:13:37,toilet_flush,use_toilet,
2008-02-28 00:13:41,hall_bathroom_door,use_toilet,
2008-02-28 00:13:45,hall_bathroom_door,use_toilet,
2008-02-28 00:13:51,hall_bathroom_door,use_toilet,
2008-02-28 00:13:54,hall_toilet_door,use_toilet,end
2008-02-28 00:15:42,hall_toilet_door,None,
2008-02-28 00:16:11,hall_toilet_door,None,
2008-02-28 00:20:18,hall_bedroom_door,go_to_bed,start
2008-02-28 07:05:38,hall_bedroom_door,go_to_bed,
2008-02-28 07:05:44,hall_bedroom_door,go_to_bed,end
2008-02-28 07:06:30,hall_bathroom_door,use_toilet,start
2008-02-28 07:07:15,toilet_flush,use_toilet,
2008-02-28 07:07:18,hall_bathroom_door,use_toilet,end
2008-02-28 09:48:12,hall_bedroom_door,go_to_bed,start
2008-02-28 09:48:18,hall_bedroom_door,go_to_bed,end
2008-02-28 09:48:57,hall_bathroom_door,use_toilet,start
2008-02-28 09:49:28,hall_bathroom_door,use_toilet,end
2008-02-28 09:49:28,toilet_flush,use_toilet,end
2008-02-28 09:50:04,plates_cupboard,prepare_breakfast,start
2008-02-28 09:50:09,groceries_cupboard,prepare_breakfast,
2008-02-28 09:50:33,groceries_cupboard,prepare_breakfast,
2008-02-28 09:50:36,groceries_cupboard,prepare_breakfast,
2008-02-28 09:50:43,groceries_cupboard,prepare_breakfast,
2008-02-28 09:50:54,groceries_cupboard,prepare_breakfast,
2008-02-28 09:51:18,groceries_cupboard,prepare_breakfast,end
2008-02-28 09:51:54,groceries_cupboard,None,
2008-02-28 09:51:56,fridge,None,
2008-02-28 10:35:28,hall_bathroom_door,use_toilet,start
2008-02-28 10:37:41,toilet_flush,use_toilet,
2008-02-28 10:37:45,hall_bathroom_door,use_toilet,end
2008-02-28 10:38:02,hall_toilet_door,take_shower,start
2008-02-28 10:46:21,hall_toilet_door,take_shower,
2008-02-28 10:46:24,hall_toilet_door,take_shower,end
2008-02-28 10:58:16,frontdoor,leave_house,start
2008-02-28 18:34:20,frontdoor,leave_house,end
2008-02-28 18:35:25,fridge,get_snack,start
2008-02-28 18:35:38,microwave,get_snack,
2008-02-28 18:37:01,microwave,get_snack,
2008-02-28 18:37:18,fridge,get_snack,
2008-02-28 18:37:27,microwave,get_snack,end
2008-02-28 18:48:13,hall_bathroom_door,use_toilet,start
2008-02-28 18:48:40,toilet_flush,use_toilet,
2008-02-28 18:48:44,hall_bathroom_door,use_toilet,end
2008-02-28 18:49:19,hall_toilet_door,brush_teeth,start
2008-02-28 18:49:25,hall_toilet_door,brush_teeth,end
2008-02-28 18:53:37,frontdoor,leave_house,start
2008-02-28 21:35:12,frontdoor,leave_house,end
2008-02-28 21:40:42,hall_bathroom_door,use_toilet,start
2008-02-28 21:42:02,toilet_flush,use_toilet,
2008-02-28 21:42:16,hall_bathroom_door,use_toilet,end
2008-02-28 22:20:58,groceries_cupboard,get_snack,start
2008-02-28 22:21:04,groceries_cupboard,get_snack,end
2008-02-28 22:22:42,hall_toilet_door,None,
2008-02-28 22:22:48,hall_toilet_door,None,
2008-02-28 23:23:17,hall_toilet_door,brush_teeth,start
2008-02-28 23:23:35,hall_bathroom_door,use_toilet,start
2008-02-28 23:23:39,hall_bathroom_door,use_toilet,
2008-02-28 23:24:18,toilet_flush,use_toilet,
2008-02-28 23:24:21,hall_bathroom_door,use_toilet,end
2008-02-28 23:24:42,hall_toilet_door,go_to_bed,start
2008-02-29 08:03:19,hall_bedroom_door,use_toilet,start
2008-02-29 08:03:21,hall_bathroom_door,use_toilet,
2008-02-29 08:03:24,hall_bathroom_door,use_toilet,
2008-02-29 08:03:30,hall_bedroom_door,use_toilet,
2008-02-29 08:04:12,hall_bathroom_door,use_toilet,end
2008-02-29 10:20:47,hall_bedroom_door,go_to_bed,start
2008-02-29 10:20:53,hall_bedroom_door,None,
2008-02-29 10:22:49,plates_cupboard,prepare_breakfast,start
2008-02-29 10:22:57,groceries_cupboard,prepare_breakfast,
2008-02-29 10:23:13,fridge,prepare_breakfast,end
2008-02-29 10:30:05,hall_bathroom_door,use_toilet,start
2008-02-29 10:30:29,toilet_flush,use_toilet,
2008-02-29 10:30:30,toilet_flush,use_toilet,
2008-02-29 10:30:33,hall_bathroom_door,use_toilet,end
2008-02-29 10:30:59,hall_toilet_door,take_shower,start
2008-02-29 10:31:08,hall_toilet_door,take_shower,
2008-02-29 10:38:09,hall_toilet_door,take_shower,
2008-02-29 10:38:15,hall_toilet_door,take_shower,end
2008-02-29 10:48:54,frontdoor,leave_house,start
2008-02-29 18:17:33,frontdoor,leave_house,
2008-02-29 18:18:16,fridge,leave_house,end
2008-02-29 18:41:45,frontdoor,leave_house,start
2008-02-29 19:20:53,frontdoor,leave_house,end
2008-02-29 19:24:07,hall_bathroom_door,use_toilet,start
2008-02-29 19:24:55,toilet_flush,use_toilet,
2008-02-29 19:25:00,hall_bathroom_door,use_toilet,end
2008-02-29 19:41:42,dishwasher,put_items_in_dishwasher,start
2008-02-29 19:41:48,dishwasher,put_items_in_dishwasher,end
2008-02-29 19:45:14,fridge,prepare_dinner,start
2008-02-29 19:46:09,cups_cupboard,prepare_dinner,
2008-02-29 19:46:13,plates_cupboard,prepare_dinner,
2008-02-29 19:46:43,fridge,prepare_dinner,
2008-02-29 19:47:00,groceries_cupboard,prepare_dinner,
2008-02-29 19:47:20,fridge,prepare_dinner,
2008-02-29 19:49:37,pans_cupboard,prepare_dinner,
2008-02-29 20:10:23,fridge,prepare_dinner,
2008-02-29 20:13:08,pans_cupboard,prepare_dinner,
2008-02-29 20:37:59,pans_cupboard,prepare_dinner,
2008-02-29 20:43:39,fridge,prepare_dinner,
2008-02-29 20:43:42,fridge,prepare_dinner,
2008-02-29 20:43:50,fridge,prepare_dinner,
2008-02-29 20:44:01,pans_cupboard,prepare_dinner,
2008-02-29 20:45:08,fridge,prepare_dinner,
2008-02-29 20:51:44,cups_cupboard,prepare_dinner,
2008-02-29 20:51:52,plates_cupboard,prepare_dinner,
2008-02-29 20:52:01,pans_cupboard,prepare_dinner,
2008-02-29 20:52:03,pans_cupboard,prepare_dinner,
2008-02-29 20:52:12,pans_cupboard,prepare_dinner,
2008-02-29 20:52:24,pans_cupboard,prepare_dinner,
2008-02-29 20:52:48,pans_cupboard,prepare_dinner,
2008-02-29 20:53:25,pans_cupboard,prepare_dinner,
2008-02-29 20:55:10,fridge,prepare_dinner,
2008-02-29 20:55:14,freezer,prepare_dinner,
2008-02-29 20:55:44,fridge,prepare_dinner,
2008-02-29 20:58:40,pans_cupboard,prepare_dinner,
2008-02-29 20:59:43,fridge,prepare_dinner,end
2008-02-29 22:03:21,frontdoor,leave_house,start
2008-02-29 22:03:46,frontdoor,leave_house,
2008-03-02 19:37:41,frontdoor,leave_house,end
2008-03-02 20:32:16,hall_toilet_door,put_clothes_in_washingmachine,start
2008-03-02 20:32:22,hall_toilet_door,put_clothes_in_washingmachine,
2008-03-02 20:32:31,washingmachine,put_clothes_in_washingmachine,end
2008-03-02 20:37:07,hall_bathroom_door,use_toilet,start
2008-03-02 20:37:35,toilet_flush,use_toilet,
2008-03-02 20:37:39,hall_bathroom_door,use_toilet,end
2008-03-02 20:38:50,hall_bedroom_door,None,
2008-03-02 20:38:55,hall_bedroom_door,None,
2008-03-02 20:38:57,hall_toilet_door,None,
2008-03-02 20:56:42,hall_bedroom_door,None,
2008-03-02 20:56:47,hall_bedroom_door,None,
2008-03-02 20:57:35,freezer,get_snack,start
2008-03-02 21:00:32,plates_cupboard,get_snack,
2008-03-02 21:00:39,plates_cupboard,get_snack,
2008-03-02 21:00:46,freezer,get_snack,
2008-03-02 21:01:10,freezer,get_snack,end
2008-03-02 21:49:37,washingmachine,unload_washingmachine,start
2008-03-02 21:49:43,washingmachine,unload_washingmachine,end
2008-03-02 21:57:58,hall_bathroom_door,use_toilet,start
2008-03-02 21:58:02,hall_bathroom_door,use_toilet,
2008-03-02 21:58:11,hall_bathroom_door,use_toilet,
2008-03-02 21:58:24,toilet_flush,use_toilet,end
2008-03-02 22:03:14,hall_bathroom_door,None,
2008-03-02 22:03:39,toilet_flush,None,
2008-03-02 22:03:43,hall_bathroom_door,None,
2008-03-03 08:49:52,hall_bedroom_door,go_to_bed,start
2008-03-03 08:49:57,hall_bedroom_door,go_to_bed,end
2008-03-03 08:50:27,hall_bathroom_door,use_toilet,start
2008-03-03 08:52:07,hall_bathroom_door,use_toilet,end
2008-03-03 09:01:38,plates_cupboard,prepare_breakfast,start
2008-03-03 09:01:43,groceries_cupboard,prepare_breakfast,
2008-03-03 09:01:47,groceries_cupboard,prepare_breakfast,
2008-03-03 09:01:59,plates_cupboard,prepare_breakfast,
2008-03-03 09:02:04,groceries_cupboard,prepare_breakfast,
2008-03-03 09:02:06,fridge,prepare_breakfast,
2008-03-03 09:02:24,fridge,prepare_breakfast,end
2008-03-03 09:17:22,hall_toilet_door,take_shower,start
2008-03-03 09:17:40,hall_toilet_door,take_shower,
2008-03-03 09:31:34,hall_toilet_door,take_shower,
2008-03-03 09:31:40,hall_toilet_door,take_shower,end
2008-03-03 09:45:05,frontdoor,leave_house,start
2008-03-04 09:07:49,frontdoor,leave_house,end
2008-03-04 09:10:43,hall_bathroom_door,use_toilet,start
2008-03-04 09:11:24,hall_bathroom_door,use_toilet,
2008-03-04 09:11:25,toilet_flush,use_toilet,
2008-03-04 09:11:29,hall_bathroom_door,use_toilet,end
2008-03-04 09:12:36,hall_toilet_door,None,
2008-03-04 09:16:17,frontdoor,leave_house,start
2008-03-04 18:19:48,frontdoor,leave_house,end
2008-03-04 18:20:35,hall_bathroom_door,use_toilet,start
2008-03-04 18:22:53,toilet_flush,use_toilet,
2008-03-04 18:22:57,hall_bathroom_door,use_toilet,
2008-03-04 18:22:59,hall_toilet_door,use_toilet,end
2008-03-04 18:24:15,washingmachine,put_clothes_in_washingmachine,start
2008-03-04 18:29:10,hall_bathroom_door,brush_teeth,start
2008-03-04 18:30:37,frontdoor,leave_house,start
2008-03-04 23:43:27,frontdoor,leave_house,end
2008-03-04 23:45:15,hall_bathroom_door,use_toilet,start
2008-03-04 23:46:18,washingmachine,unload_washingmachine,start
2008-03-04 23:52:14,fridge,get_drink,start
2008-03-04 23:52:27,cups_cupboard,get_drink,
2008-03-04 23:52:42,fridge,get_drink,end
2008-03-05 00:01:21,hall_bathroom_door,use_toilet,start
2008-03-05 00:04:17,toilet_flush,use_toilet,
2008-03-05 00:04:25,hall_toilet_door,use_toilet,end
2008-03-05 00:18:12,hall_toilet_door,brush_teeth,start
2008-03-05 00:18:17,hall_toilet_door,brush_teeth,end
2008-03-05 00:20:27,hall_bathroom_door,use_toilet,start
2008-03-05 00:21:25,toilet_flush,use_toilet,end
2008-03-05 00:21:54,hall_toilet_door,go_to_bed,start
2008-03-05 05:58:57,hall_bedroom_door,go_to_bed,
2008-03-05 05:59:02,hall_bedroom_door,go_to_bed,end
2008-03-05 06:00:18,hall_bathroom_door,use_toilet,start
2008-03-05 06:00:53,toilet_flush,use_toilet,
2008-03-05 06:00:59,hall_bathroom_door,use_toilet,end
2008-03-05 09:27:41,hall_bedroom_door,go_to_bed,start
2008-03-05 09:27:47,hall_bedroom_door,go_to_bed,end
2008-03-05 09:28:57,hall_bathroom_door,use_toilet,start
2008-03-05 09:29:25,toilet_flush,use_toilet,
2008-03-05 09:29:29,hall_bathroom_door,use_toilet,end
2008-03-05 09:29:58,plates_cupboard,prepare_breakfast,start
2008-03-05 09:30:04,groceries_cupboard,prepare_breakfast,
2008-03-05 09:30:26,fridge,prepare_breakfast,
2008-03-05 09:30:34,groceries_cupboard,prepare_breakfast,
2008-03-05 09:30:47,fridge,prepare_breakfast,end
2008-03-05 09:45:46,hall_toilet_door,take_shower,start
2008-03-05 09:45:52,hall_toilet_door,take_shower,
2008-03-05 09:45:57,hall_bathroom_door,take_shower,
2008-03-05 09:53:07,hall_toilet_door,take_shower,
2008-03-05 09:53:13,hall_toilet_door,take_shower,end
2008-03-05 10:12:00,frontdoor,leave_house,start
2008-03-05 19:48:29,frontdoor,leave_house,end
2008-03-05 19:52:44,freezer,prepare_dinner,start
2008-03-05 19:55:15,groceries_cupboard,prepare_dinner,
2008-03-05 19:55:42,plates_cupboard,prepare_dinner,end
2008-03-05 20:13:23,hall_bathroom_door,use_toilet,start
2008-03-05 20:14:21,toilet_flush,use_toilet,
2008-03-05 20:14:28,hall_bathroom_door,use_toilet,end
2008-03-05 20:15:05,pans_cupboard,prepare_dinner,start
2008-03-05 20:15:18,pans_cupboard,prepare_dinner,
2008-03-05 20:20:02,plates_cupboard,prepare_dinner,
2008-03-05 20:20:13,fridge,prepare_dinner,
2008-03-05 20:20:27,fridge,prepare_dinner,
2008-03-05 20:20:33,fridge,prepare_dinner,
2008-03-05 20:23:07,plates_cupboard,prepare_dinner,end
2008-03-05 22:58:02,hall_toilet_door,None,
2008-03-05 23:07:05,hall_bathroom_door,use_toilet,start
2008-03-05 23:08:01,toilet_flush,use_toilet,
2008-03-05 23:08:13,hall_bathroom_door,use_toilet,end
2008-03-05 23:30:37,hall_toilet_door,brush_teeth,start
2008-03-05 23:30:43,hall_toilet_door,brush_teeth,end
2008-03-05 23:32:50,hall_bathroom_door,use_toilet,start
2008-03-05 23:33:10,toilet_flush,use_toilet,
2008-03-05 23:33:11,toilet_flush,use_toilet,
2008-03-05 23:33:14,toilet_flush,use_toilet,end
2008-03-05 23:33:21,toilet_flush,None,
2008-03-05 23:33:33,toilet_flush,None,
2008-03-05 23:33:57,toilet_flush,go_to_bed,start
2008-03-06 04:37:33,hall_bedroom_door,go_to_bed,
2008-03-06 04:37:39,hall_bedroom_door,go_to_bed,end
2008-03-06 04:38:05,hall_bathroom_door,use_toilet,start
2008-03-06 04:38:48,hall_bathroom_door,use_toilet,end
2008-03-06 08:38:52,hall_bedroom_door,go_to_bed,start
2008-03-06 08:38:57,hall_bedroom_door,go_to_bed,end
2008-03-06 08:39:36,hall_bathroom_door,use_toilet,start
2008-03-06 08:40:11,hall_bathroom_door,use_toilet,end
2008-03-06 09:04:14,pans_cupboard,prepare_breakfast,start
2008-03-06 09:04:34,fridge,prepare_breakfast,
2008-03-06 09:04:50,fridge,prepare_breakfast,
2008-03-06 09:04:53,fridge,prepare_breakfast,
2008-03-06 09:04:59,fridge,prepare_breakfast,
2008-03-06 09:05:00,plates_cupboard,prepare_breakfast,
2008-03-06 09:05:22,fridge,prepare_breakfast,
2008-03-06 09:07:19,freezer,prepare_breakfast,
2008-03-06 09:07:25,plates_cupboard,prepare_breakfast,
2008-03-06 09:07:51,freezer,prepare_breakfast,
2008-03-06 09:09:08,cups_cupboard,prepare_breakfast,
2008-03-06 09:09:27,microwave,prepare_breakfast,end
2008-03-06 09:09:57,fridge,None,
2008-03-06 09:38:52,hall_bathroom_door,use_toilet,start
2008-03-06 09:40:01,toilet_flush,use_toilet,
2008-03-06 09:42:23,toilet_flush,use_toilet,
2008-03-06 09:42:31,hall_bathroom_door,use_toilet,
2008-03-06 09:42:41,hall_toilet_door,use_toilet,end
2008-03-06 10:23:21,hall_toilet_door,take_shower,start
2008-03-06 10:23:26,hall_toilet_door,take_shower,
2008-03-06 10:30:13,hall_toilet_door,take_shower,
2008-03-06 10:30:17,hall_toilet_door,take_shower,end
2008-03-06 10:38:07,frontdoor,leave_house,start
2008-03-06 17:41:12,frontdoor,leave_house,end
2008-03-06 17:46:05,fridge,get_drink,start
2008-03-06 17:46:24,fridge,get_drink,end
2008-03-06 18:52:49,hall_bathroom_door,use_toilet,start
2008-03-06 18:53:43,toilet_flush,use_toilet,
2008-03-06 18:53:45,toilet_flush,use_toilet,
2008-03-06 18:53:48,hall_bathroom_door,use_toilet,end
2008-03-06 18:54:14,groceries_cupboard,prepare_dinner,start
2008-03-06 18:54:40,freezer,prepare_dinner,
2008-03-06 19:00:45,cups_cupboard,prepare_dinner,
2008-03-06 19:00:59,pans_cupboard,prepare_dinner,
2008-03-06 19:01:50,pans_cupboard,prepare_dinner,
2008-03-06 19:02:42,groceries_cupboard,prepare_dinner,
2008-03-06 19:05:01,microwave,prepare_dinner,
2008-03-06 19:08:12,pans_cupboard,prepare_dinner,
2008-03-06 19:10:46,groceries_cupboard,prepare_dinner,
2008-03-06 19:11:03,plates_cupboard,prepare_dinner,
2008-03-06 19:15:17,fridge,prepare_dinner,
2008-03-06 19:21:41,pans_cupboard,prepare_dinner,
2008-03-06 19:25:18,pans_cupboard,prepare_dinner,
2008-03-06 19:35:30,plates_cupboard,prepare_dinner,end
2008-03-06 19:40:04,fridge,get_drink,start
2008-03-06 19:40:17,fridge,get_drink,end
2008-03-06 19:53:37,dishwasher,unload_dishwasher,start
2008-03-06 19:53:44,dishwasher,unload_dishwasher,
2008-03-06 19:54:34,plates_cupboard,unload_dishwasher,
2008-03-06 19:54:45,pans_cupboard,unload_dishwasher,
2008-03-06 19:55:20,plates_cupboard,unload_dishwasher,
2008-03-06 19:55:55,cups_cupboard,unload_dishwasher,
2008-03-06 19:56:52,pans_cupboard,unload_dishwasher,
2008-03-06 19:56:58,pans_cupboard,unload_dishwasher,
2008-03-06 19:57:29,cups_cupboard,unload_dishwasher,
2008-03-06 19:57:32,cups_cupboard,unload_dishwasher,
2008-03-06 19:57:39,cups_cupboard,unload_dishwasher,
2008-03-06 19:57:40,plates_cupboard,unload_dishwasher,end
2008-03-06 19:59:43,freezer,None,
2008-03-06 20:00:13,pans_cupboard,None,
2008-03-06 20:05:17,dishwasher,put_items_in_dishwasher,start
2008-03-06 20:11:32,dishwasher,put_items_in_dishwasher,end
2008-03-06 20:12:35,pans_cupboard,None,
2008-03-06 20:12:39,pans_cupboard,None,
2008-03-06 20:14:35,pans_cupboard,None,
2008-03-06 20:16:47,groceries_cupboard,None,
2008-03-06 20:17:11,groceries_cupboard,None,
2008-03-06 20:31:04,pans_cupboard,None,
2008-03-06 20:31:08,pans_cupboard,None,
2008-03-06 20:32:24,pans_cupboard,None,
2008-03-06 20:33:03,pans_cupboard,None,
2008-03-06 21:34:42,groceries_cupboard,get_snack,start
2008-03-06 21:34:48,groceries_cupboard,get_snack,
2008-03-06 21:35:10,groceries_cupboard,get_snack,
2008-03-06 21:35:15,freezer,get_snack,
2008-03-06 21:35:16,groceries_cupboard,get_snack,
2008-03-06 21:35:28,groceries_cupboard,get_snack,
2008-03-06 21:37:18,groceries_cupboard,get_snack,end
2008-03-06 21:37:36,cups_cupboard,get_drink,start
2008-03-06 21:37:38,fridge,get_drink,end
2008-03-06 22:44:18,hall_bathroom_door,use_toilet,start
2008-03-06 22:46:36,toilet_flush,use_toilet,
2008-03-06 22:46:39,hall_bathroom_door,use_toilet,
2008-03-06 22:46:41,hall_toilet_door,use_toilet,
2008-03-06 22:47:12,hall_toilet_door,use_toilet,end
2008-03-06 23:14:48,hall_toilet_door,brush_teeth,start
2008-03-06 23:14:53,hall_toilet_door,brush_teeth,
2008-03-06 23:17:06,hall_bathroom_door,brush_teeth,end
2008-03-06 23:18:28,hall_bathroom_door,None,
2008-03-06 23:18:30,toilet_flush,None,
2008-03-06 23:18:40,hall_bathroom_door,go_to_bed,start
2008-03-07 06:59:17,hall_bedroom_door,go_to_bed,
2008-03-07 06:59:24,hall_bedroom_door,go_to_bed,end
2008-03-07 06:59:55,hall_bathroom_door,use_toilet,start
2008-03-07 07:00:34,hall_bathroom_door,use_toilet,end
2008-03-07 08:38:54,hall_bedroom_door,go_to_bed,start
2008-03-07 08:38:59,hall_bedroom_door,go_to_bed,end
2008-03-07 08:44:10,hall_bathroom_door,use_toilet,start
2008-03-07 08:44:59,toilet_flush,use_toilet,
2008-03-07 08:45:04,hall_bathroom_door,use_toilet,end
2008-03-07 08:49:16,fridge,get_drink,start
2008-03-07 08:49:35,cups_cupboard,get_drink,
2008-03-07 08:49:46,fridge,get_drink,end
2008-03-07 08:50:15,plates_cupboard,prepare_breakfast,start
2008-03-07 08:50:21,groceries_cupboard,prepare_breakfast,
2008-03-07 08:50:38,fridge,prepare_breakfast,
2008-03-07 08:51:07,fridge,prepare_breakfast,end
2008-03-07 09:07:51,hall_toilet_door,take_shower,start
2008-03-07 09:15:38,hall_toilet_door,take_shower,end
2008-03-07 09:29:10,frontdoor,leave_house,start
2008-03-07 09:29:14,frontdoor,leave_house,
2008-03-08 01:07:48,frontdoor,leave_house,end
2008-03-08 01:12:17,cups_cupboard,get_drink,start
2008-03-08 01:12:23,cups_cupboard,get_drink,
2008-03-08 01:12:25,cups_cupboard,get_drink,
2008-03-08 01:12:31,cups_cupboard,get_drink,
2008-03-08 01:12:43,cups_cupboard,get_drink,end
2008-03-08 01:13:08,cups_cupboard,None,
2008-03-08 01:13:44,cups_cupboard,None,
2008-03-08 01:14:19,cups_cupboard,None,
2008-03-08 01:14:21,fridge,None,
2008-03-08 03:21:37,hall_toilet_door,use_toilet,start
2008-03-08 03:21:44,hall_toilet_door,use_toilet,
2008-03-08 03:21:56,hall_toilet_door,use_toilet,
2008-03-08 03:22:21,hall_toilet_door,use_toilet,
2008-03-08 03:22:37,hall_bathroom_door,use_toilet,
2008-03-08 03:23:05,hall_toilet_door,use_toilet,
2008-03-08 03:23:07,hall_bathroom_door,use_toilet,end
2008-03-08 03:26:05,hall_bedroom_door,go_to_bed,start
2008-03-08 08:20:19,hall_bedroom_door,go_to_bed,
2008-03-08 08:20:24,hall_bedroom_door,go_to_bed,end
2008-03-08 08:20:52,hall_bathroom_door,use_toilet,start
2008-03-08 08:21:40,toilet_flush,use_toilet,
2008-03-08 08:21:46,hall_bathroom_door,use_toilet,end
2008-03-08 08:22:01,cups_cupboard,get_drink,start
2008-03-08 08:22:08,fridge,get_drink,
2008-03-08 08:22:47,fridge,get_drink,end
2008-03-08 08:33:10,hall_bathroom_door,use_toilet,start
2008-03-08 08:35:35,toilet_flush,use_toilet,
2008-03-08 08:35:35,hall_bathroom_door,use_toilet,
2008-03-08 08:35:36,hall_bathroom_door,use_toilet,
2008-03-08 08:35:39,toilet_flush,use_toilet,
2008-03-08 08:35:44,hall_toilet_door,use_toilet,
2008-03-08 08:35:45,toilet_flush,use_toilet,
2008-03-08 08:35:48,hall_bathroom_door,use_toilet,end
2008-03-08 08:46:00,hall_bathroom_door,None,
2008-03-08 10:00:29,hall_bathroom_door,use_toilet,start
2008-03-08 10:00:34,hall_bathroom_door,use_toilet,
2008-03-08 10:01:34,toilet_flush,use_toilet,end
2008-03-08 10:26:09,hall_bedroom_door,None,
2008-03-08 10:26:13,hall_bedroom_door,None,
2008-03-08 10:26:30,pans_cupboard,prepare_breakfast,start
2008-03-08 10:26:36,dishwasher,prepare_breakfast,
2008-03-08 10:27:46,plates_cupboard,prepare_breakfast,
2008-03-08 10:27:50,freezer,prepare_breakfast,end
2008-03-08 10:29:41,fridge,None,
2008-03-08 10:56:23,fridge,None,
2008-03-08 11:08:12,hall_toilet_door,None,
2008-03-08 11:08:17,hall_toilet_door,None,
2008-03-08 11:12:29,hall_bathroom_door,use_toilet,start
2008-03-08 11:12:32,hall_toilet_door,use_toilet,
2008-03-08 11:15:02,toilet_flush,use_toilet,
2008-03-08 11:15:05,hall_bathroom_door,use_toilet,end
2008-03-08 11:15:42,hall_toilet_door,take_shower,start
2008-03-08 11:22:56,hall_toilet_door,take_shower,
2008-03-08 11:23:02,hall_toilet_door,take_shower,end
2008-03-08 11:36:01,frontdoor,leave_house,start
2008-03-08 11:36:05,frontdoor,leave_house,
2008-03-10 06:18:29,frontdoor,leave_house,end
2008-03-10 06:19:33,hall_bedroom_door,None,
2008-03-10 06:19:39,hall_bedroom_door,None,
2008-03-10 06:20:27,hall_bathroom_door,None,
2008-03-10 06:20:51,toilet_flush,None,
2008-03-10 06:21:17,frontdoor,None,
2008-03-10 08:33:32,hall_bedroom_door,go_to_bed,start
2008-03-10 08:33:38,hall_bedroom_door,go_to_bed,end
2008-03-10 08:35:14,hall_bathroom_door,use_toilet,start
2008-03-10 08:35:40,toilet_flush,use_toilet,
2008-03-10 08:35:44,hall_bathroom_door,use_toilet,end
2008-03-10 08:49:53,hall_bathroom_door,use_toilet,start
2008-03-10 08:51:25,toilet_flush,use_toilet,
2008-03-10 08:51:28,hall_bathroom_door,use_toilet,
2008-03-10 08:51:31,hall_toilet_door,use_toilet,end
2008-03-10 09:07:59,hall_bathroom_door,None,
2008-03-10 09:08:05,hall_bathroom_door,None,
2008-03-10 09:25:56,hall_toilet_door,None,
2008-03-10 09:26:01,hall_toilet_door,prepare_breakfast,start
2008-03-10 09:26:08,plates_cupboard,prepare_breakfast,
2008-03-10 09:26:14,groceries_cupboard,prepare_breakfast,
2008-03-10 09:26:27,fridge,prepare_breakfast,
2008-03-10 09:26:50,fridge,prepare_breakfast,end
2008-03-10 09:35:36,dishwasher,put_items_in_dishwasher,start
2008-03-10 09:35:41,dishwasher,put_items_in_dishwasher,
2008-03-10 09:41:38,dishwasher,put_items_in_dishwasher,end
2008-03-10 09:47:27,hall_toilet_door,take_shower,start
2008-03-10 09:55:18,hall_toilet_door,take_shower,
2008-03-10 09:55:23,hall_toilet_door,take_shower,end
2008-03-10 10:29:41,frontdoor,leave_house,start
2008-03-10 10:29:47,frontdoor,leave_house,
2008-03-10 10:30:31,frontdoor,leave_house,
2008-03-10 19:23:47,frontdoor,leave_house,end
2008-03-10 19:25:34,toilet_flush,use_toilet,start
2008-03-10 19:33:38,fridge,prepare_dinner,start
2008-03-10 19:33:44,fridge,prepare_dinner,
2008-03-10 19:33:51,groceries_cupboard,prepare_dinner,
2008-03-10 19:39:40,freezer,prepare_dinner,
2008-03-10 19:39:46,freezer,prepare_dinner,
2008-03-10 19:40:54,groceries_cupboard,prepare_dinner,
2008-03-10 19:44:42,fridge,prepare_dinner,
2008-03-10 19:50:33,freezer,prepare_dinner,
2008-03-10 19:50:38,freezer,prepare_dinner,
2008-03-10 20:09:49,plates_cupboard,prepare_dinner,
2008-03-10 20:09:55,plates_cupboard,prepare_dinner,end
2008-03-10 20:11:02,fridge,get_drink,start
2008-03-10 20:11:07,fridge,get_drink,
2008-03-10 20:11:14,fridge,get_drink,end
2008-03-10 20:11:27,fridge,None,
2008-03-10 20:11:51,cups_cupboard,None,
2008-03-10 20:54:32,toilet_flush,use_toilet,start
2008-03-10 20:54:35,hall_toilet_door,use_toilet,
2008-03-10 20:54:36,toilet_flush,use_toilet,end
2008-03-10 21:29:38,freezer,None,
2008-03-10 21:32:03,freezer,get_drink,start
2008-03-10 21:32:34,freezer,get_drink,
2008-03-10 21:32:47,fridge,get_drink,
2008-03-10 21:33:00,fridge,get_drink,
2008-03-10 21:33:04,cups_cupboard,get_drink,
2008-03-10 21:33:11,dishwasher,get_drink,end
2008-03-10 21:38:15,groceries_cupboard,None,
2008-03-10 22:03:48,toilet_flush,use_toilet,start
2008-03-10 22:03:53,toilet_flush,use_toilet,
2008-03-10 22:03:58,hall_toilet_door,use_toilet,end
2008-03-11 06:51:09,hall_bedroom_door,go_to_bed,start
2008-03-11 06:51:14,hall_bedroom_door,go_to_bed,end
2008-03-11 06:52:48,toilet_flush,use_toilet,start
2008-03-11 06:53:08,hall_bedroom_door,go_to_bed,start
2008-03-11 08:43:37,hall_bedroom_door,go_to_bed,
2008-03-11 08:43:42,hall_bedroom_door,go_to_bed,end
2008-03-11 09:01:52,toilet_flush,use_toilet,start
2008-03-11 09:01:56,toilet_flush,use_toilet,end
2008-03-11 09:18:12,toilet_flush,use_toilet,start
2008-03-11 09:18:16,toilet_flush,use_toilet,end
2008-03-11 09:18:31,hall_toilet_door,None,
2008-03-11 09:18:38,hall_toilet_door,take_shower,start
2008-03-11 09:26:37,hall_toilet_door,take_shower,
2008-03-11 09:26:42,hall_toilet_door,take_shower,end
2008-03-11 09:33:50,frontdoor,leave_house,start
2008-03-11 17:57:20,frontdoor,leave_house,end
2008-03-11 17:58:10,freezer,prepare_dinner,start
2008-03-11 18:02:32,plates_cupboard,prepare_dinner,
2008-03-11 18:12:23,freezer,prepare_dinner,
2008-03-11 18:12:29,freezer,prepare_dinner,end
2008-03-11 18:16:04,cups_cupboard,get_drink,start
2008-03-11 18:16:09,fridge,get_drink,end
2008-03-11 18:29:01,hall_toilet_door,None,
2008-03-11 18:30:34,toilet_flush,use_toilet,start
2008-03-11 18:35:11,frontdoor,leave_house,start
2008-03-11 18:35:15,frontdoor,leave_house,
2008-03-11 20:38:36,hall_toilet_door,leave_house,
2008-03-11 20:38:42,hall_toilet_door,leave_house,
2008-03-11 20:41:05,frontdoor,leave_house,end
2008-03-11 20:48:11,fridge,get_drink,start
2008-03-11 20:48:37,fridge,get_drink,
2008-03-11 20:51:39,fridge,get_drink,end
2008-03-11 21:13:50,fridge,get_drink,start
2008-03-11 21:14:06,cups_cupboard,get_drink,
2008-03-11 21:14:11,fridge,get_drink,end
2008-03-11 21:52:43,toilet_flush,use_toilet,start
2008-03-11 21:52:48,toilet_flush,use_toilet,end
2008-03-11 21:53:15,hall_toilet_door,None,
2008-03-11 21:53:39,hall_toilet_door,go_to_bed,start
2008-03-12 03:04:51,hall_bedroom_door,go_to_bed,end
2008-03-12 03:04:56,hall_bedroom_door,use_toilet,start
2008-03-12 03:05:35,toilet_flush,use_toilet,end
2008-03-12 08:41:25,hall_bedroom_door,go_to_bed,start
2008-03-12 08:42:49,toilet_flush,use_toilet,start
2008-03-12 09:48:44,fridge,prepare_breakfast,start
2008-03-12 09:48:50,fridge,prepare_breakfast,
2008-03-12 09:48:59,freezer,prepare_breakfast,
2008-03-12 09:49:43,plates_cupboard,prepare_breakfast,
2008-03-12 09:50:00,freezer,prepare_breakfast,
2008-03-12 09:51:25,fridge,prepare_breakfast,
2008-03-12 09:52:08,fridge,prepare_breakfast,end
2008-03-12 09:59:31,cups_cupboard,get_drink,start
2008-03-12 09:59:33,fridge,get_drink,end
2008-03-12 11:04:11,toilet_flush,use_toilet,start
2008-03-12 11:04:14,hall_toilet_door,use_toilet,end
2008-03-12 11:04:14,toilet_flush,use_toilet,end
2008-03-12 11:10:10,frontdoor,leave_house,start
2008-03-12 12:21:19,frontdoor,leave_house,end
2008-03-12 12:41:23,hall_toilet_door,take_shower,start
2008-03-12 12:46:23,hall_toilet_door,take_shower,end
2008-03-12 12:54:29,frontdoor,leave_house,start
2008-03-12 12:55:34,frontdoor,leave_house,
2008-03-13 00:52:47,frontdoor,leave_house,end
2008-03-13 00:54:23,freezer,get_snack,start
2008-03-13 00:54:42,plates_cupboard,get_snack,
2008-03-13 00:55:28,groceries_cupboard,get_snack,
2008-03-13 00:56:05,groceries_cupboard,get_snack,end
2008-03-13 01:18:40,hall_toilet_door,use_toilet,start
2008-03-13 01:20:43,toilet_flush,use_toilet,
2008-03-13 01:20:49,hall_toilet_door,use_toilet,end
2008-03-13 01:23:57,hall_toilet_door,go_to_bed,start
2008-03-13 06:27:52,hall_bedroom_door,go_to_bed,
2008-03-13 06:27:58,hall_bedroom_door,go_to_bed,end
2008-03-13 06:28:41,toilet_flush,use_toilet,start
2008-03-13 06:30:11,hall_toilet_door,go_to_bed,start
2008-03-13 08:21:51,hall_bedroom_door,go_to_bed,
2008-03-13 08:21:57,hall_bedroom_door,go_to_bed,end
2008-03-13 08:22:19,hall_toilet_door,use_toilet,start
2008-03-13 08:22:48,toilet_flush,use_toilet,
2008-03-13 08:22:56,hall_toilet_door,use_toilet,end
2008-03-13 09:19:50,plates_cupboard,prepare_breakfast,start
2008-03-13 09:19:55,groceries_cupboard,prepare_breakfast,
2008-03-13 09:20:09,groceries_cupboard,prepare_breakfast,
2008-03-13 09:20:14,groceries_cupboard,prepare_breakfast,
2008-03-13 09:20:17,groceries_cupboard,prepare_breakfast,
2008-03-13 09:20:18,fridge,prepare_breakfast,end
2008-03-13 09:41:12,hall_toilet_door,take_shower,start
2008-03-13 09:47:43,hall_toilet_door,take_shower,
2008-03-13 09:47:48,hall_toilet_door,take_shower,end
2008-03-13 09:57:47,frontdoor,leave_house,start
2008-03-13 17:50:08,frontdoor,leave_house,end
2008-03-13 17:53:15,hall_bathroom_door,use_toilet,start
2008-03-13 17:54:06,toilet_flush,use_toilet,
2008-03-13 17:54:08,hall_bathroom_door,use_toilet,end
2008-03-13 17:54:12,toilet_flush,None,
2008-03-13 18:39:17,groceries_cupboard,None,
2008-03-13 18:39:22,groceries_cupboard,get_snack,start
2008-03-13 18:39:42,cups_cupboard,get_snack,
2008-03-13 18:40:01,groceries_cupboard,get_snack,end
2008-03-13 18:54:55,hall_bathroom_door,None,
2008-03-13 18:55:00,hall_bathroom_door,None,
2008-03-13 18:56:02,microwave,None,
2008-03-13 19:00:49,hall_bedroom_door,None,
2008-03-13 19:07:24,frontdoor,receive_guest,start
2008-03-13 19:07:30,frontdoor,receive_guest,
2008-03-13 20:26:56,frontdoor,receive_guest,
2008-03-13 20:27:01,frontdoor,receive_guest,end
2008-03-13 20:31:26,hall_bathroom_door,use_toilet,start
2008-03-13 20:33:01,toilet_flush,use_toilet,
2008-03-13 20:33:04,hall_bathroom_door,use_toilet,
2008-03-13 20:33:22,hall_toilet_door,use_toilet,end
2008-03-13 20:33:49,frontdoor,None,
2008-03-13 20:34:13,frontdoor,leave_house,start
2008-03-13 20:34:24,frontdoor,leave_house,
2008-03-14 00:34:57,frontdoor,leave_house,
2008-03-14 00:36:02,fridge,leave_house,
2008-03-14 00:36:14,fridge,leave_house,
2008-03-14 00:37:49,hall_toilet_door,leave_house,end
2008-03-14 00:38:17,hall_bathroom_door,use_toilet,start
2008-03-14 00:39:05,hall_bathroom_door,use_toilet,end
2008-03-14 00:45:13,hall_bedroom_door,go_to_bed,start
2008-03-14 00:45:16,hall_bedroom_door,go_to_bed,
2008-03-14 00:45:31,hall_toilet_door,go_to_bed,
2008-03-14 05:29:04,hall_bedroom_door,go_to_bed,end
2008-03-14 05:29:09,hall_bedroom_door,use_toilet,start
2008-03-14 05:29:13,hall_bathroom_door,use_toilet,
2008-03-14 05:34:33,toilet_flush,use_toilet,
2008-03-14 05:34:41,hall_toilet_door,use_toilet,
2008-03-14 05:34:48,hall_toilet_door,use_toilet,
2008-03-14 05:34:55,toilet_flush,use_toilet,
2008-03-14 05:34:58,hall_bathroom_door,use_toilet,
2008-03-14 05:35:20,toilet_flush,use_toilet,
2008-03-14 05:36:04,toilet_flush,use_toilet,
2008-03-14 05:38:37,toilet_flush,use_toilet,
2008-03-14 05:39:15,hall_bathroom_door,use_toilet,
2008-03-14 05:39:21,hall_toilet_door,use_toilet,end
2008-03-14 08:58:44,hall_bedroom_door,go_to_bed,start
2008-03-14 08:58:49,hall_bedroom_door,go_to_bed,end
2008-03-14 08:59:04,hall_toilet_door,None,
2008-03-14 09:12:53,hall_bathroom_door,use_toilet,start
2008-03-14 09:13:54,toilet_flush,use_toilet,
2008-03-14 09:14:00,hall_bathroom_door,use_toilet,
2008-03-14 09:14:05,toilet_flush,use_toilet,end
2008-03-14 09:15:03,plates_cupboard,prepare_breakfast,start
2008-03-14 09:15:18,groceries_cupboard,prepare_breakfast,
2008-03-14 09:15:27,fridge,prepare_breakfast,
2008-03-14 09:18:04,plates_cupboard,prepare_breakfast,end
2008-03-14 09:57:21,hall_bathroom_door,use_toilet,start
2008-03-14 09:59:05,toilet_flush,use_toilet,
2008-03-14 10:00:25,hall_bathroom_door,use_toilet,
2008-03-14 10:00:30,hall_toilet_door,use_toilet,end
2008-03-14 10:31:17,hall_toilet_door,take_shower,start
2008-03-14 10:31:23,hall_toilet_door,take_shower,
2008-03-14 10:40:41,hall_toilet_door,take_shower,
2008-03-14 10:40:47,hall_toilet_door,take_shower,end
2008-03-14 10:49:24,frontdoor,leave_house,start
2008-03-14 17:13:23,frontdoor,leave_house,end
2008-03-14 17:13:55,fridge,get_snack,start
2008-03-14 17:14:11,plates_cupboard,get_snack,
2008-03-14 17:14:15,microwave,get_snack,
2008-03-14 17:14:23,fridge,get_snack,
2008-03-14 17:15:20,microwave,get_snack,end
2008-03-14 17:20:02,hall_bathroom_door,use_toilet,start
2008-03-14 17:20:39,hall_bathroom_door,use_toilet,end
2008-03-14 17:55:46,frontdoor,leave_house,start
2008-03-14 22:54:56,frontdoor,leave_house,end
2008-03-14 22:55:42,plates_cupboard,get_snack,start
2008-03-14 22:55:50,fridge,get_snack,
2008-03-14 22:56:01,fridge,get_snack,
2008-03-14 22:56:05,microwave,get_snack,
2008-03-14 22:57:50,microwave,get_snack,end
2008-03-14 23:04:25,hall_bathroom_door,use_toilet,start
2008-03-14 23:05:06,toilet_flush,use_toilet,
2008-03-14 23:05:10,hall_bathroom_door,use_toilet,end
2008-03-14 23:57:16,hall_bathroom_door,use_toilet,start
2008-03-14 23:57:53,toilet_flush,use_toilet,
2008-03-14 23:57:57,hall_bathroom_door,use_toilet,
2008-03-14 23:58:01,hall_toilet_door,use_toilet,end
2008-03-15 04:06:48,hall_bedroom_door,go_to_bed,start
2008-03-15 04:06:54,hall_bedroom_door,use_toilet,start
2008-03-15 04:07:00,hall_bathroom_door,use_toilet,
2008-03-15 04:07:48,hall_bathroom_door,use_toilet,end
2008-03-15 08:59:43,hall_bedroom_door,use_toilet,start
2008-03-15 08:59:47,hall_bathroom_door,use_toilet,
2008-03-15 08:59:50,hall_bathroom_door,use_toilet,
2008-03-15 08:59:56,hall_bedroom_door,use_toilet,
2008-03-15 09:00:16,toilet_flush,use_toilet,end
2008-03-15 09:01:27,hall_bedroom_door,go_to_bed,start
2008-03-15 09:53:27,hall_bedroom_door,None,
2008-03-15 09:53:33,hall_bedroom_door,None,
2008-03-15 10:07:09,hall_bathroom_door,use_toilet,start
2008-03-15 10:09:01,toilet_flush,use_toilet,
2008-03-15 10:09:02,toilet_flush,use_toilet,
2008-03-15 10:09:04,hall_bathroom_door,use_toilet,
2008-03-15 10:09:06,hall_toilet_door,use_toilet,end
2008-03-15 10:09:42,fridge,prepare_breakfast,start
2008-03-15 10:09:47,fridge,prepare_breakfast,
2008-03-15 10:10:00,plates_cupboard,prepare_breakfast,
2008-03-15 10:10:05,groceries_cupboard,prepare_breakfast,
2008-03-15 10:10:55,fridge,prepare_breakfast,end
2008-03-15 10:40:21,hall_bathroom_door,use_toilet,start
2008-03-15 10:41:07,hall_bathroom_door,use_toilet,end
2008-03-15 12:36:22,hall_bathroom_door,use_toilet,start
2008-03-15 12:37:10,hall_bathroom_door,use_toilet,end
2008-03-15 13:41:37,plates_cupboard,get_snack,start
2008-03-15 13:41:43,fridge,get_snack,
2008-03-15 13:41:50,microwave,get_snack,
2008-03-15 13:43:06,microwave,get_snack,end
2008-03-15 13:56:01,hall_bathroom_door,None,
2008-03-15 13:56:05,hall_bathroom_door,None,
2008-03-15 14:05:02,hall_bathroom_door,None,
2008-03-15 14:05:08,hall_bathroom_door,None,
2008-03-15 14:30:34,hall_bathroom_door,use_toilet,start
2008-03-15 14:31:50,toilet_flush,use_toilet,
2008-03-15 14:31:54,hall_bathroom_door,use_toilet,
2008-03-15 14:31:55,toilet_flush,use_toilet,end
2008-03-15 14:35:11,hall_toilet_door,take_shower,start
2008-03-15 14:45:06,hall_toilet_door,take_shower,
2008-03-15 14:45:11,hall_toilet_door,take_shower,end
2008-03-15 15:39:30,washingmachine,put_clothes_in_washingmachine,start
2008-03-15 15:39:37,washingmachine,put_clothes_in_washingmachine,end
2008-03-15 15:42:02,dishwasher,unload_dishwasher,start
2008-03-15 15:42:13,plates_cupboard,unload_dishwasher,
2008-03-15 15:43:29,cups_cupboard,unload_dishwasher,
2008-03-15 15:44:48,cups_cupboard,unload_dishwasher,
2008-03-15 15:45:27,plates_cupboard,unload_dishwasher,end
2008-03-15 15:46:49,groceries_cupboard,get_snack,start
2008-03-15 16:10:13,dishwasher,put_items_in_dishwasher,start
2008-03-15 18:02:03,washingmachine,unload_washingmachine,start
2008-03-15 18:02:09,washingmachine,unload_washingmachine,end
2008-03-15 18:15:29,groceries_cupboard,prepare_dinner,start
2008-03-15 18:15:34,groceries_cupboard,prepare_dinner,
2008-03-15 18:15:43,freezer,prepare_dinner,
2008-03-15 18:16:24,microwave,prepare_dinner,
2008-03-15 18:26:05,plates_cupboard,prepare_dinner,
2008-03-15 18:26:33,microwave,prepare_dinner,
2008-03-15 18:38:51,microwave,prepare_dinner,
2008-03-15 18:38:56,microwave,prepare_dinner,end
2008-03-15 18:55:17,cups_cupboard,get_drink,start
2008-03-15 18:55:23,fridge,get_drink,
2008-03-15 18:55:41,fridge,get_drink,end
2008-03-15 19:33:59,washingmachine,unload_washingmachine,start
2008-03-15 19:34:04,washingmachine,unload_washingmachine,
2008-03-15 19:34:29,washingmachine,unload_washingmachine,end
2008-03-15 19:44:06,hall_bathroom_door,use_toilet,start
2008-03-15 19:44:09,hall_toilet_door,use_toilet,
2008-03-15 19:44:41,toilet_flush,use_toilet,
2008-03-15 19:44:45,toilet_flush,use_toilet,
2008-03-15 19:44:53,hall_bathroom_door,use_toilet,end
2008-03-15 19:45:29,frontdoor,leave_house,start
2008-03-16 00:28:00,frontdoor,leave_house,end
2008-03-16 00:31:57,groceries_cupboard,get_snack,start
2008-03-16 00:32:21,microwave,get_snack,
2008-03-16 00:32:35,fridge,get_snack,
2008-03-16 00:32:43,fridge,get_snack,
2008-03-16 00:36:28,plates_cupboard,get_snack,
2008-03-16 00:36:43,microwave,get_snack,end
2008-03-16 01:28:28,hall_toilet_door,None,
2008-03-16 01:28:34,hall_toilet_door,None,
2008-03-16 01:30:22,hall_toilet_door,None,
2008-03-16 01:30:33,hall_bathroom_door,use_toilet,start
2008-03-16 01:30:58,toilet_flush,use_toilet,
2008-03-16 01:31:01,hall_bathroom_door,use_toilet,end
2008-03-16 09:05:45,hall_bedroom_door,go_to_bed,start
2008-03-16 09:05:52,hall_bedroom_door,go_to_bed,end
2008-03-16 09:06:33,hall_bathroom_door,use_toilet,start
2008-03-16 09:07:05,toilet_flush,use_toilet,
2008-03-16 09:07:08,hall_bathroom_door,use_toilet,
2008-03-16 09:07:12,hall_bathroom_door,use_toilet,
2008-03-16 09:07:15,toilet_flush,use_toilet,end
2008-03-16 09:20:05,hall_bathroom_door,use_toilet,start
2008-03-16 09:22:32,toilet_flush,use_toilet,
2008-03-16 09:22:41,hall_bathroom_door,use_toilet,
2008-03-16 09:22:43,hall_toilet_door,use_toilet,
2008-03-16 09:22:46,hall_toilet_door,use_toilet,end
2008-03-16 10:04:01,plates_cupboard,prepare_breakfast,start
2008-03-16 10:04:06,plates_cupboard,prepare_breakfast,
2008-03-16 10:04:20,groceries_cupboard,prepare_breakfast,
2008-03-16 10:04:26,fridge,prepare_breakfast,
2008-03-16 10:04:43,fridge,prepare_breakfast,end
2008-03-16 10:42:12,hall_toilet_door,take_shower,start
2008-03-16 10:48:11,hall_toilet_door,take_shower,
2008-03-16 10:48:16,hall_toilet_door,take_shower,end
2008-03-16 11:27:52,frontdoor,leave_house,start
2008-03-16 21:37:14,frontdoor,leave_house,end
2008-03-16 21:38:10,hall_bathroom_door,use_toilet,start
2008-03-16 21:38:54,hall_bathroom_door,use_toilet,
2008-03-16 21:38:55,toilet_flush,use_toilet,end
2008-03-16 21:46:22,cups_cupboard,None,
2008-03-16 21:46:27,cups_cupboard,None,
2008-03-16 21:46:40,cups_cupboard,None,
2008-03-16 22:00:46,hall_toilet_door,None,
2008-03-16 22:00:51,hall_toilet_door,None,
2008-03-16 22:02:31,hall_toilet_door,None,
2008-03-16 22:03:25,hall_bedroom_door,go_to_bed,start
2008-03-16 22:46:48,hall_bedroom_door,go_to_bed,
2008-03-16 22:46:54,hall_bedroom_door,go_to_bed,end
2008-03-16 22:47:16,hall_bathroom_door,use_toilet,start
2008-03-16 22:47:52,toilet_flush,use_toilet,
2008-03-16 22:47:55,hall_bathroom_door,use_toilet,end
2008-03-17 05:44:22,hall_bedroom_door,go_to_bed,start
2008-03-17 05:44:27,hall_bedroom_door,use_toilet,start
2008-03-17 05:44:29,hall_bathroom_door,use_toilet,
2008-03-17 05:45:02,toilet_flush,use_toilet,
2008-03-17 05:45:06,hall_bathroom_door,use_toilet,end
2008-03-17 08:10:10,hall_bedroom_door,go_to_bed,start
2008-03-17 08:10:16,hall_bedroom_door,go_to_bed,end
2008-03-17 08:30:08,hall_bathroom_door,use_toilet,start
2008-03-17 08:30:45,toilet_flush,use_toilet,
2008-03-17 08:31:04,hall_bathroom_door,use_toilet,end
2008-03-17 08:32:00,plates_cupboard,prepare_breakfast,start
2008-03-17 08:32:09,groceries_cupboard,prepare_breakfast,
2008-03-17 08:32:29,fridge,prepare_breakfast,
2008-03-17 08:32:50,fridge,prepare_breakfast,end
2008-03-17 08:54:14,hall_toilet_door,take_shower,start
2008-03-17 08:54:20,hall_toilet_door,take_shower,
2008-03-17 09:02:24,hall_toilet_door,take_shower,
2008-03-17 09:02:30,hall_toilet_door,take_shower,end
2008-03-17 09:09:34,hall_bathroom_door,use_toilet,start
2008-03-17 09:12:09,toilet_flush,use_toilet,
2008-03-17 09:13:51,toilet_flush,use_toilet,
2008-03-17 09:13:54,hall_bathroom_door,use_toilet,
2008-03-17 09:14:01,hall_bathroom_door,use_toilet,
2008-03-17 09:14:04,hall_bathroom_door,use_toilet,
2008-03-17 09:14:10,hall_bathroom_door,use_toilet,end
2008-03-17 09:14:48,hall_toilet_door,None,
2008-03-17 09:16:30,frontdoor,leave_house,start
2008-03-17 19:11:21,frontdoor,leave_house,end
2008-03-17 19:13:14,hall_bathroom_door,use_toilet,start
2008-03-17 19:13:50,hall_bathroom_door,use_toilet,end
2008-03-17 19:13:50,toilet_flush,use_toilet,end
2008-03-17 19:43:37,pans_cupboard,None,
2008-03-17 19:43:41,pans_cupboard,None,
2008-03-17 19:43:54,dishwasher,prepare_dinner,start
2008-03-17 19:49:30,pans_cupboard,prepare_dinner,
2008-03-17 19:50:35,pans_cupboard,prepare_dinner,
2008-03-17 19:50:57,plates_cupboard,prepare_dinner,
2008-03-17 19:53:10,plates_cupboard,prepare_dinner,
2008-03-17 19:53:38,cups_cupboard,prepare_dinner,
2008-03-17 20:02:42,groceries_cupboard,prepare_dinner,
2008-03-17 20:02:47,groceries_cupboard,prepare_dinner,end
2008-03-17 20:04:59,hall_bathroom_door,use_toilet,start
2008-03-17 20:06:30,toilet_flush,use_toilet,
2008-03-17 20:06:33,hall_bathroom_door,use_toilet,end
2008-03-17 20:08:23,pans_cupboard,prepare_dinner,start
2008-03-17 20:08:31,pans_cupboard,prepare_dinner,
2008-03-17 20:08:38,pans_cupboard,prepare_dinner,
2008-03-17 20:09:00,pans_cupboard,prepare_dinner,
2008-03-17 20:12:26,plates_cupboard,prepare_dinner,end
2008-03-17 20:17:08,cups_cupboard,get_drink,start
2008-03-17 20:38:33,freezer,None,
2008-03-17 20:38:38,freezer,None,
2008-03-17 21:33:37,fridge,None,
2008-03-17 21:33:43,fridge,get_drink,start
2008-03-17 21:33:47,cups_cupboard,get_drink,
2008-03-17 21:33:50,cups_cupboard,get_drink,end
2008-03-17 22:26:19,hall_bathroom_door,use_toilet,start
2008-03-17 22:27:02,toilet_flush,use_toilet,
2008-03-17 22:27:05,hall_bathroom_door,use_toilet,end
2008-03-18 00:48:18,hall_bathroom_door,use_toilet,start
2008-03-18 00:49:03,hall_bathroom_door,use_toilet,end
2008-03-18 00:49:03,toilet_flush,use_toilet,end
2008-03-18 00:49:09,toilet_flush,brush_teeth,start
2008-03-18 00:49:10,hall_toilet_door,brush_teeth,end
2008-03-18 00:52:34,hall_bedroom_door,go_to_bed,start
2008-03-18 00:52:56,hall_bedroom_door,go_to_bed,
2008-03-18 06:22:43,hall_bedroom_door,go_to_bed,
2008-03-18 06:22:48,hall_bedroom_door,go_to_bed,end
2008-03-18 06:23:18,hall_bathroom_door,use_toilet,start
2008-03-18 06:23:48,toilet_flush,use_toilet,
2008-03-18 06:23:54,hall_bathroom_door,use_toilet,end
2008-03-18 07:48:22,hall_bedroom_door,go_to_bed,start
2008-03-18 07:48:28,hall_bedroom_door,go_to_bed,end
2008-03-18 08:15:13,hall_bathroom_door,use_toilet,start
2008-03-18 08:16:23,toilet_flush,use_toilet,
2008-03-18 08:18:50,toilet_flush,use_toilet,
2008-03-18 08:18:53,hall_bathroom_door,use_toilet,
2008-03-18 08:18:54,toilet_flush,use_toilet,
2008-03-18 08:19:14,toilet_flush,use_toilet,
2008-03-18 08:19:15,hall_toilet_door,use_toilet,end
2008-03-18 08:20:35,plates_cupboard,prepare_breakfast,start
2008-03-18 08:20:41,freezer,prepare_breakfast,
2008-03-18 08:21:31,freezer,prepare_breakfast,
2008-03-18 08:21:36,microwave,prepare_breakfast,
2008-03-18 08:22:45,microwave,prepare_breakfast,
2008-03-18 08:22:49,fridge,prepare_breakfast,
2008-03-18 08:23:26,fridge,prepare_breakfast,end
2008-03-18 08:39:43,hall_toilet_door,take_shower,start
2008-03-18 08:52:20,hall_toilet_door,take_shower,
2008-03-18 08:52:25,hall_toilet_door,take_shower,end
2008-03-18 09:15:16,frontdoor,leave_house,start
2008-03-18 18:00:11,frontdoor,leave_house,end
2008-03-18 18:07:17,toilet_flush,use_toilet,start
2008-03-18 18:07:20,toilet_flush,use_toilet,
2008-03-18 18:08:09,hall_bathroom_door,use_toilet,end
2008-03-18 18:21:40,hall_bathroom_door,use_toilet,start
2008-03-18 18:22:58,toilet_flush,use_toilet,
2008-03-18 18:23:34,hall_bathroom_door,use_toilet,end
2008-03-18 18:25:11,frontdoor,leave_house,start
2008-03-18 23:39:17,frontdoor,leave_house,
2008-03-18 23:39:23,frontdoor,leave_house,end
2008-03-19 00:40:34,hall_bathroom_door,use_toilet,start
2008-03-19 00:41:15,hall_bathroom_door,use_toilet,end
2008-03-19 00:42:20,hall_toilet_door,brush_teeth,start
2008-03-19 07:50:56,hall_bedroom_door,go_to_bed,start
2008-03-19 07:51:02,hall_bedroom_door,use_toilet,start
2008-03-19 07:51:51,hall_bathroom_door,use_toilet,
2008-03-19 07:51:53,hall_toilet_door,use_toilet,
2008-03-19 07:51:56,hall_toilet_door,use_toilet,end
2008-03-19 08:43:18,hall_bedroom_door,go_to_bed,start
2008-03-19 08:43:24,hall_bedroom_door,go_to_bed,end
2008-03-19 09:38:32,fridge,prepare_breakfast,start
2008-03-19 09:38:43,groceries_cupboard,prepare_breakfast,
2008-03-19 09:38:47,freezer,prepare_breakfast,
2008-03-19 09:38:59,fridge,prepare_breakfast,
2008-03-19 09:39:09,microwave,prepare_breakfast,
2008-03-19 09:39:18,freezer,prepare_breakfast,
2008-03-19 09:39:23,cups_cupboard,prepare_breakfast,
2008-03-19 09:40:27,microwave,prepare_breakfast,end
2008-03-19 09:48:33,hall_bathroom_door,use_toilet,start
2008-03-19 09:49:00,toilet_flush,use_toilet,
2008-03-19 09:49:04,hall_bathroom_door,use_toilet,
2008-03-19 09:49:05,toilet_flush,use_toilet,end
2008-03-19 09:58:53,hall_toilet_door,take_shower,start
2008-03-19 09:58:58,hall_toilet_door,take_shower,end
2008-03-19 10:09:10,frontdoor,leave_house,start
2008-03-19 10:09:15,frontdoor,leave_house,
2008-03-19 17:15:11,frontdoor,leave_house,end
2008-03-19 17:19:54,hall_toilet_door,take_shower,start
2008-03-19 17:21:57,hall_toilet_door,take_shower,end
2008-03-19 17:26:44,frontdoor,leave_house,start
2008-03-19 20:19:40,frontdoor,leave_house,end
2008-03-19 20:46:22,hall_bathroom_door,use_toilet,start
2008-03-19 20:48:49,toilet_flush,use_toilet,
2008-03-19 20:48:52,hall_bathroom_door,use_toilet,end
2008-03-19 21:19:56,cups_cupboard,None,
2008-03-19 21:20:23,groceries_cupboard,None,
2008-03-19 21:49:23,hall_bathroom_door,use_toilet,start
2008-03-19 21:51:28,toilet_flush,use_toilet,
2008-03-19 21:51:31,hall_bathroom_door,use_toilet,
2008-03-19 21:51:35,hall_bathroom_door,use_toilet,
2008-03-19 21:51:38,hall_bathroom_door,use_toilet,
2008-03-19 21:51:45,hall_bathroom_door,use_toilet,end
2008-03-19 21:51:57,hall_bathroom_door,None,
2008-03-19 21:52:21,hall_bathroom_door,None,
2008-03-19 21:52:57,hall_bathroom_door,brush_teeth,start
2008-03-19 21:53:00,hall_toilet_door,brush_teeth,
2008-03-19 21:53:33,hall_bathroom_door,brush_teeth,end
2008-03-19 21:54:34,hall_toilet_door,go_to_bed,start
2008-03-20 00:34:37,hall_bedroom_door,go_to_bed,
2008-03-20 00:34:42,hall_bedroom_door,go_to_bed,end
2008-03-20 00:35:10,hall_bathroom_door,use_toilet,start
2008-03-20 00:35:38,toilet_flush,use_toilet,
2008-03-20 00:35:43,hall_bathroom_door,use_toilet,end
2008-03-20 00:35:43,toilet_flush,use_toilet,end
2008-03-20 06:57:50,hall_bedroom_door,go_to_bed,start
2008-03-20 06:57:54,hall_bedroom_door,use_toilet,start
2008-03-20 06:57:57,hall_bathroom_door,use_toilet,
2008-03-20 06:58:15,hall_bedroom_door,use_toilet,
2008-03-20 06:58:30,toilet_flush,use_toilet,
2008-03-20 06:58:32,hall_bathroom_door,use_toilet,end
2008-03-20 08:31:01,hall_bedroom_door,go_to_bed,start
2008-03-20 08:31:06,hall_bedroom_door,None,
2008-03-20 08:45:45,hall_bathroom_door,use_toilet,start
2008-03-20 08:46:54,toilet_flush,use_toilet,
2008-03-20 08:46:57,hall_bathroom_door,use_toilet,end
2008-03-20 09:12:03,plates_cupboard,prepare_breakfast,start
2008-03-20 09:12:10,freezer,prepare_breakfast,
2008-03-20 09:12:13,plates_cupboard,prepare_breakfast,
2008-03-20 09:12:25,plates_cupboard,prepare_breakfast,
2008-03-20 09:12:29,microwave,prepare_breakfast,
2008-03-20 09:12:40,freezer,prepare_breakfast,
2008-03-20 09:13:43,microwave,prepare_breakfast,
2008-03-20 09:14:18,groceries_cupboard,prepare_breakfast,
2008-03-20 09:14:34,fridge,prepare_breakfast,
2008-03-20 09:14:57,fridge,prepare_breakfast,end
2008-03-20 09:42:46,hall_toilet_door,take_shower,start
2008-03-20 09:42:52,hall_toilet_door,take_shower,
2008-03-20 09:43:21,hall_toilet_door,take_shower,
2008-03-20 09:49:48,hall_toilet_door,take_shower,
2008-03-20 09:49:54,hall_toilet_door,take_shower,end
2008-03-20 09:57:12,frontdoor,leave_house,start
2008-03-20 22:49:20,frontdoor,leave_house,
2008-03-20 22:49:23,frontdoor,leave_house,end
2008-03-20 22:51:14,hall_toilet_door,use_toilet,start
2008-03-20 22:51:17,hall_bathroom_door,use_toilet,
2008-03-20 22:52:39,toilet_flush,use_toilet,
2008-03-20 22:54:59,toilet_flush,use_toilet,
2008-03-20 22:55:02,hall_bathroom_door,use_toilet,
2008-03-20 22:55:09,hall_toilet_door,use_toilet,end
2008-03-20 23:36:23,hall_bathroom_door,use_toilet,start
2008-03-20 23:40:23,toilet_flush,use_toilet,
2008-03-20 23:40:31,hall_bathroom_door,use_toilet,
2008-03-20 23:40:42,hall_toilet_door,use_toilet,end
2008-03-20 23:56:37,hall_toilet_door,brush_teeth,start
2008-03-20 23:56:41,hall_toilet_door,brush_teeth,end
2008-03-20 23:58:45,hall_bathroom_door,use_toilet,start
2008-03-20 23:58:47,hall_bathroom_door,use_toilet,
2008-03-20 23:59:14,toilet_flush,use_toilet,
2008-03-20 23:59:17,hall_bathroom_door,use_toilet,
2008-03-20 23:59:26,hall_toilet_door,use_toilet,end
2008-03-21 00:00:10,hall_bedroom_door,go_to_bed,start
2008-03-21 03:49:46,hall_bedroom_door,use_toilet,start
2008-03-21 03:49:54,hall_bathroom_door,use_toilet,
2008-03-21 03:49:58,hall_bedroom_door,use_toilet,
2008-03-21 03:50:39,toilet_flush,use_toilet,end
2008-03-21 08:30:53,hall_bedroom_door,go_to_bed,start
2008-03-21 08:31:00,hall_bathroom_door,use_toilet,start
2008-03-21 08:31:24,toilet_flush,use_toilet,
2008-03-21 08:31:28,hall_bathroom_door,use_toilet,end
2008-03-21 09:04:20,hall_bedroom_door,go_to_bed,start
2008-03-21 09:04:25,hall_bedroom_door,go_to_bed,end
2008-03-21 09:13:24,hall_bathroom_door,use_toilet,start
2008-03-21 09:14:18,toilet_flush,use_toilet,
2008-03-21 09:14:24,hall_bathroom_door,use_toilet,end
2008-03-21 09:17:57,hall_toilet_door,take_shower,start
2008-03-21 09:24:17,hall_toilet_door,take_shower,
2008-03-21 09:24:23,hall_toilet_door,take_shower,end
2008-03-21 09:42:35,frontdoor,leave_house,start
2008-03-21 15:50:15,frontdoor,leave_house,end
2008-03-21 15:52:04,hall_bathroom_door,use_toilet,start
2008-03-21 15:52:53,toilet_flush,use_toilet,
2008-03-21 15:52:54,hall_bathroom_door,use_toilet,
2008-03-21 15:53:02,hall_toilet_door,use_toilet,end
2008-03-21 15:54:05,hall_toilet_door,None,
2008-03-21 15:57:07,groceries_cupboard,None,
2008-03-21 15:57:51,fridge,None,
2008-03-21 17:03:53,hall_bedroom_door,go_to_bed,start
2008-03-21 17:06:51,hall_bedroom_door,go_to_bed,
2008-03-21 17:06:57,hall_bedroom_door,go_to_bed,
2008-03-21 18:05:08,hall_bedroom_door,go_to_bed,end
2008-03-21 18:24:30,hall_toilet_door,None,
2008-03-21 18:24:38,hall_toilet_door,None,
2008-03-21 18:24:49,hall_toilet_door,None,
2008-03-21 18:25:15,hall_bathroom_door,None,
2008-03-21 18:27:45,fridge,None,
2008-03-21 18:27:56,fridge,None,
2008-03-21 18:27:59,fridge,None,
2008-03-21 18:28:18,freezer,None,
2008-03-21 19:11:10,frontdoor,None,
2008-03-23 19:04:45,frontdoor,None,
